time,gFx,gFy,gFz,TgF
5.005326,0.9797,0.3377,0.0882,1.04
5.019985,1.0226,0.3083,0.0314,1.07
5.037963,1.0344,0.3337,-0.0388,1.09
5.058863,1.0403,0.4041,-0.0877,1.12
5.08598,0.9308,0.4178,-0.0447,1.02
5.102972,0.9054,0.408,-0.0349,0.99
5.121562,0.8917,0.3767,-0.0427,0.97
5.143073,0.9504,0.2946,-0.027,1.0
5.154725,0.9465,0.2849,0.0119,0.99
5.184431,0.9993,0.2732,0.1233,1.04
5.202767,1.0774,0.2595,0.0705,1.11
5.221629,1.1165,0.238,-0.0447,1.14
5.236444,1.1008,0.2145,-0.1287,1.13
5.267851,1.1516,0.152,-0.2557,1.19
5.284184,1.1243,0.1383,-0.2967,1.17
5.302236,1.095,0.0992,-0.2771,1.13
5.321125,1.0461,0.0953,-0.2284,1.07
5.339142,0.8898,0.109,-0.2401,0.93
5.36962,0.8039,0.0972,-0.2517,0.85
5.385099,0.796,0.1188,-0.2771,0.85
5.402404,0.8703,0.0934,-0.3026,0.93
5.42146,0.968,0.0562,-0.3143,1.02
5.452324,0.9876,0.0718,-0.3202,1.04
5.468664,0.9778,0.0816,-0.2869,1.02
5.485291,0.9758,0.1109,-0.3221,1.03
5.501127,0.9485,0.0953,-0.3534,1.02
5.521654,0.8917,0.0133,-0.3553,0.96
5.542786,0.8801,-0.0569,-0.3162,0.94
5.568829,0.9562,-0.0785,-0.3065,1.01
5.58509,0.9993,-0.1117,-0.3065,1.05
5.601609,1.0461,-0.0921,-0.3416,1.1
5.620904,1.009,-0.0823,-0.3749,1.08
5.652448,0.9015,-0.0257,-0.367,0.97
5.667711,0.8859,-0.0511,-0.3162,0.94
5.684563,0.7883,-0.1117,-0.3495,0.87
5.717454,1.0871,-0.1117,-0.2929,1.13
5.737291,1.0286,-0.1449,-0.3045,1.08
5.768056,0.9329,-0.1801,-0.3026,1.0
5.768302,0.9329,-0.1801,-0.3026,1.0
5.800113,0.8761,-0.1645,-0.3436,0.96
5.816705,0.8742,-0.1547,-0.4081,0.98
5.837013,0.925,-0.1703,-0.4159,1.03
5.867095,0.9308,-0.1957,-0.3827,1.03
5.867308,0.9308,-0.1957,-0.3827,1.03
5.89964,0.8879,-0.1684,-0.5039,1.03
5.916377,0.8996,-0.184,-0.5351,1.06
5.936619,0.8859,-0.2153,-0.5039,1.04
5.962698,0.8527,-0.2309,-0.4785,1.0
5.964792,0.8527,-0.2309,-0.4785,1.0
5.99882,0.8253,-0.1742,-0.584,1.03
6.016082,0.7785,-0.1859,-0.582,0.99
6.035953,0.7374,-0.1976,-0.6094,0.98
6.068596,0.7804,-0.2309,-0.5351,0.97
6.07073,0.7823,-0.2367,-0.5332,0.98
6.098559,0.8234,-0.2974,-0.5663,1.04
6.115614,0.8507,-0.3032,-0.5663,1.07
6.135542,0.8547,-0.3091,-0.5605,1.07
6.168496,0.7921,-0.2817,-0.6387,1.06
6.168734,0.7921,-0.2817,-0.6387,1.06
6.196995,0.7667,-0.2563,-0.7344,1.09
6.214776,0.7608,-0.2758,-0.754,1.11
6.234938,0.7452,-0.2524,-0.668,1.03
6.269744,0.796,-0.2387,-0.4081,0.93
6.279887,0.7902,-0.2211,-0.3807,0.9
6.296686,0.7941,-0.1996,-0.3807,0.9
6.31272,0.8195,-0.2153,-0.4589,0.96
6.335269,0.837,-0.2485,-0.5879,1.05
6.352719,0.8214,-0.2485,-0.6133,1.05
6.380419,0.7785,-0.2504,-0.5703,1.0
6.395731,0.7745,-0.2602,-0.5409,0.98
6.413553,0.7629,-0.2583,-0.5214,0.96
6.431882,0.7492,-0.2621,-0.5234,0.95
6.462624,0.7296,-0.2641,-0.5214,0.93
6.479517,0.7471,-0.2544,-0.5312,0.95
6.496169,0.7745,-0.2446,-0.5507,0.98
6.53112,0.8097,-0.2446,-0.6308,1.06
6.546225,0.798,-0.2387,-0.5938,1.02
6.56179,0.7745,-0.2406,-0.5273,0.97
6.578872,0.7569,-0.2446,-0.4394,0.91
6.595729,0.7589,-0.2153,-0.4921,0.93
6.615584,0.7765,-0.1899,-0.539,0.96
6.647268,0.7941,-0.1684,-0.6269,1.03
6.659558,0.7823,-0.1684,-0.6348,1.02
6.678649,0.8039,-0.1859,-0.6562,1.05
6.695005,0.8019,-0.2036,-0.6523,1.05
6.732118,0.7921,-0.2329,-0.6075,1.03
6.763069,0.7667,-0.2797,-0.5175,0.97
6.763282,0.7667,-0.2797,-0.5175,0.97
6.776366,0.7531,-0.3051,-0.5175,0.96
6.811733,0.7374,-0.3482,-0.5409,0.98
6.831382,0.7569,-0.3462,-0.5742,1.01
6.846704,0.7667,-0.3208,-0.5781,1.01
6.860912,0.7589,-0.2817,-0.5684,0.99
6.877516,0.7765,-0.2621,-0.5644,1.0
6.910771,0.7648,-0.2563,-0.5644,0.98
6.927271,0.7648,-0.2641,-0.5723,0.99
6.948152,0.755,-0.2739,-0.5703,0.99
6.977727,0.7629,-0.27,-0.5684,0.99
6.992001,0.7706,-0.27,-0.58,1.0
7.009701,0.7843,-0.266,-0.5977,1.02
7.026515,0.7823,-0.2681,-0.6054,1.02
7.046916,0.7725,-0.27,-0.5957,1.01
7.075756,0.7608,-0.2817,-0.58,1.0
7.091878,0.7648,-0.2797,-0.5761,1.0
7.109573,0.7667,-0.2797,-0.5644,0.99
7.125694,0.7667,-0.2797,-0.5663,0.99
7.146749,0.7629,-0.2797,-0.5742,0.99
7.176851,0.7511,-0.2876,-0.582,0.99
7.191272,0.7531,-0.2856,-0.582,0.99
7.213536,0.755,-0.2856,-0.5781,0.99
7.224561,0.7569,-0.2837,-0.5761,0.99
7.248306,0.7667,-0.2797,-0.5663,0.99
7.264954,0.7648,-0.2797,-0.5723,1.0
7.290597,0.7608,-0.2778,-0.5742,0.99
7.309443,0.7511,-0.2778,-0.5723,0.98
7.329074,0.7471,-0.2739,-0.5761,0.98
7.353561,0.755,-0.2739,-0.58,0.99
7.374458,0.7648,-0.2758,-0.5859,1.0
7.389361,0.7648,-0.2719,-0.5761,1.0
7.410075,0.7629,-0.2778,-0.5644,0.99
7.443989,0.755,-0.2758,-0.5761,0.99
7.455226,0.7511,-0.2797,-0.5781,0.99
7.472325,0.755,-0.2778,-0.584,0.99
7.489461,0.7589,-0.2876,-0.5879,1.0
7.505729,0.7608,-0.2837,-0.5938,1.01
7.525819,0.7629,-0.2817,-0.5859,1.0
7.547092,0.7648,-0.2856,-0.5703,1.0
7.573051,0.7608,-0.2876,-0.5684,0.99
7.590806,0.7608,-0.2817,-0.5625,0.99
7.606174,0.7569,-0.2876,-0.5625,0.99
7.649055,0.7629,-0.2895,-0.582,1.0
7.649267,0.7629,-0.2895,-0.582,1.0
7.671895,0.7648,-0.2876,-0.5742,1.0
7.688281,0.7589,-0.2856,-0.5663,0.99
7.721828,0.7629,-0.2778,-0.5723,0.99
7.741336,0.7667,-0.2856,-0.58,1.0
7.769772,0.7589,-0.2876,-0.5781,1.0
7.769979,0.7589,-0.2876,-0.5781,1.0
7.78771,0.7531,-0.2895,-0.5684,0.99
7.821573,0.7569,-0.2934,-0.5684,0.99
7.841646,0.7569,-0.2856,-0.5703,0.99
7.868661,0.7629,-0.2758,-0.582,1.0
7.868963,0.7629,-0.2758,-0.582,1.0
7.888709,0.7629,-0.2719,-0.5742,0.99
7.921678,0.7608,-0.2817,-0.5781,1.0
7.940961,0.7492,-0.2837,-0.5781,0.99
7.957012,0.7492,-0.2876,-0.5723,0.99
7.969186,0.7492,-0.2837,-0.5761,0.99
8.004799,0.7608,-0.2895,-0.5703,0.99
8.020627,0.7629,-0.2856,-0.5684,0.99
8.039268,0.7648,-0.2837,-0.5723,1.0
8.052436,0.7648,-0.2797,-0.5723,1.0
8.069563,0.7629,-0.2856,-0.5723,1.0
8.102629,0.7569,-0.2876,-0.5761,0.99
8.120807,0.755,-0.2856,-0.5781,0.99
8.139398,0.7589,-0.2895,-0.584,1.0
8.157722,0.7667,-0.2837,-0.5781,1.0
8.170933,0.7608,-0.2837,-0.5859,1.0
8.202794,0.7569,-0.2778,-0.5723,0.99
8.219829,0.7511,-0.2817,-0.5723,0.99
8.238501,0.7492,-0.2876,-0.5781,0.99
8.260342,0.7471,-0.2856,-0.5742,0.98
8.285291,0.7589,-0.2934,-0.5761,1.0
8.301511,0.7629,-0.2934,-0.5879,1.01
8.31782,0.755,-0.2934,-0.5879,1.0
8.340084,0.755,-0.2895,-0.58,1.0
8.370184,0.7531,-0.2876,-0.5742,0.99
8.383314,0.7531,-0.2876,-0.5703,0.99
8.401146,0.7531,-0.2837,-0.5761,0.99
8.417547,0.7531,-0.2895,-0.582,0.99
8.437136,0.755,-0.2856,-0.5859,1.0
8.466544,0.755,-0.2895,-0.5781,0.99
8.484385,0.7569,-0.2856,-0.5742,0.99
8.500649,0.755,-0.2856,-0.58,0.99
8.516471,0.7511,-0.2876,-0.582,0.99
8.536937,0.7452,-0.2914,-0.5859,0.99
8.566081,0.755,-0.2895,-0.5879,1.0
8.586182,0.7531,-0.2895,-0.584,1.0
8.601005,0.7569,-0.2914,-0.584,1.0
8.616595,0.755,-0.2876,-0.584,1.0
8.648063,0.7492,-0.2817,-0.582,0.99
8.667845,0.7492,-0.2856,-0.5879,0.99
8.684042,0.7471,-0.2797,-0.5859,0.99
8.70156,0.7531,-0.2817,-0.582,0.99
8.736655,0.7531,-0.2895,-0.584,1.0
8.757047,0.7492,-0.2934,-0.5761,0.99
8.765248,0.7492,-0.2895,-0.58,0.99
8.783789,0.7471,-0.2934,-0.582,0.99
8.816876,0.7492,-0.2914,-0.582,0.99
8.832368,0.7511,-0.2974,-0.584,1.0
8.851045,0.7569,-0.2934,-0.582,1.0
8.879885,0.7471,-0.2895,-0.584,0.99
8.897067,0.7492,-0.2895,-0.58,0.99
8.915577,0.7531,-0.2876,-0.5859,1.0
8.932404,0.7492,-0.2856,-0.5879,0.99
8.952609,0.7492,-0.2914,-0.5879,1.0
8.987324,0.7471,-0.2914,-0.5879,0.99
8.987541,0.7471,-0.2914,-0.5879,0.99
9.015054,0.7452,-0.2895,-0.58,0.99
9.032559,0.7511,-0.2895,-0.5781,0.99
9.052388,0.755,-0.2895,-0.5898,1.0
9.081118,0.7452,-0.2876,-0.5879,0.99
9.096345,0.7471,-0.2856,-0.5879,0.99
9.115084,0.7452,-0.2876,-0.5859,0.99
9.130972,0.7471,-0.2876,-0.5859,0.99
9.15423,0.7492,-0.2934,-0.584,0.99
9.170922,0.7471,-0.2954,-0.5879,1.0
9.19557,0.7471,-0.2993,-0.582,0.99
9.213602,0.7471,-0.2914,-0.584,0.99
9.235248,0.7531,-0.2876,-0.5879,1.0
9.271363,0.7471,-0.2895,-0.58,0.99
9.271571,0.7471,-0.2895,-0.58,0.99
9.295112,0.7471,-0.2856,-0.582,0.99
9.312198,0.7511,-0.2876,-0.58,0.99
9.331227,0.7511,-0.2895,-0.5879,1.0
9.363303,0.7471,-0.2856,-0.5879,0.99
9.378866,0.7492,-0.2934,-0.5879,1.0
9.395416,0.7452,-0.2895,-0.5859,0.99
9.411638,0.7492,-0.2914,-0.582,0.99
9.434077,0.7589,-0.2934,-0.582,1.0
9.451706,0.7667,-0.2934,-0.582,1.01
9.479109,0.7511,-0.2817,-0.582,0.99
9.495664,0.7569,-0.2797,-0.58,0.99
9.511233,0.7511,-0.2856,-0.582,0.99
9.531738,0.7569,-0.2856,-0.5723,0.99
9.549571,0.7531,-0.2934,-0.5742,0.99
9.578423,0.7531,-0.2954,-0.5761,0.99
9.595029,0.7492,-0.2914,-0.5761,0.99
9.612025,0.7608,-0.2934,-0.5781,1.0
9.631817,0.7589,-0.2914,-0.582,1.0
9.665329,0.7569,-0.2895,-0.5742,0.99
9.677148,0.755,-0.2876,-0.5723,0.99
9.694521,0.7511,-0.2856,-0.5761,0.99
9.710989,0.755,-0.2797,-0.5781,0.99
9.747324,0.7667,-0.2914,-0.58,1.0
9.771158,0.7648,-0.2856,-0.584,1.0
9.775435,0.7629,-0.2797,-0.5879,1.0
9.794256,0.7569,-0.2739,-0.5742,0.99
9.826908,0.755,-0.2797,-0.5723,0.99
9.847111,0.7589,-0.2817,-0.5703,0.99
9.865084,0.7629,-0.2914,-0.5761,1.0
9.87511,0.7589,-0.2914,-0.5723,0.99
9.893887,0.7569,-0.2954,-0.58,1.0
9.926801,0.7531,-0.2876,-0.5684,0.99
9.947359,0.7569,-0.2758,-0.5703,0.99
9.977544,0.7608,-0.2797,-0.5663,0.99
9.977785,0.7608,-0.2797,-0.5663,0.99
10.008953,0.7608,-0.2876,-0.5586,0.99
10.026127,0.755,-0.2876,-0.5625,0.98
10.046699,0.755,-0.2778,-0.5663,0.98
10.075036,0.7629,-0.2837,-0.5723,0.99
10.091492,0.7687,-0.2895,-0.5761,1.0
10.107799,0.7608,-0.2856,-0.5742,1.0
10.125349,0.7608,-0.2876,-0.5723,0.99
10.146399,0.7589,-0.2914,-0.5742,1.0
10.182922,0.7511,-0.2895,-0.5723,0.99
10.183146,0.7511,-0.2895,-0.5723,0.99
10.207867,0.755,-0.2895,-0.5625,0.98
10.225351,0.755,-0.2856,-0.5684,0.99
10.245804,0.7511,-0.2876,-0.5781,0.99
10.282187,0.7569,-0.2817,-0.5781,0.99
10.282426,0.7569,-0.2817,-0.5781,0.99
10.307068,0.7725,-0.2837,-0.582,1.01
10.325685,0.7687,-0.2993,-0.5761,1.01
10.345846,0.7589,-0.2974,-0.5742,1.0
10.379747,0.7531,-0.2914,-0.5684,0.99
10.388293,0.7531,-0.2914,-0.5684,0.99
10.40686,0.7511,-0.2934,-0.5723,0.99
10.423677,0.7608,-0.2974,-0.5781,1.0
10.444749,0.7589,-0.2993,-0.5761,1.0
10.4751,0.7492,-0.2974,-0.5684,0.99
10.489397,0.7471,-0.2914,-0.5742,0.99
10.50567,0.7511,-0.2856,-0.5684,0.98
10.5441,0.7608,-0.2954,-0.5859,1.0
10.566635,0.7511,-0.2993,-0.584,1.0
10.566879,0.7511,-0.2993,-0.584,1.0
10.590048,0.7492,-0.2934,-0.5879,1.0
10.625353,0.755,-0.2993,-0.5917,1.0
10.661395,0.755,-0.2954,-0.58,1.0
10.661612,0.755,-0.2954,-0.58,1.0
10.670298,0.7511,-0.2954,-0.5781,0.99
10.689286,0.7531,-0.3071,-0.5742,1.0
10.721337,0.755,-0.2974,-0.5781,1.0
10.741344,0.7589,-0.2993,-0.58,1.0
10.775143,0.7531,-0.2974,-0.5761,0.99
10.775341,0.7531,-0.2974,-0.5761,0.99
10.804926,0.7471,-0.2914,-0.582,0.99
10.821878,0.7471,-0.2914,-0.5742,0.99
10.841791,0.7471,-0.2974,-0.5781,0.99
10.864367,0.7471,-0.2974,-0.5781,0.99
10.886986,0.7433,-0.3012,-0.582,0.99
10.904727,0.7531,-0.2974,-0.5879,1.0
10.920922,0.755,-0.2954,-0.582,1.0
10.938095,0.755,-0.2934,-0.584,1.0
10.958229,0.7452,-0.2895,-0.582,0.99
10.987766,0.7413,-0.2974,-0.5859,0.99
11.00174,0.7511,-0.3032,-0.58,1.0
11.020658,0.7374,-0.2914,-0.582,0.98
11.03713,0.7471,-0.2895,-0.5859,0.99
11.063244,0.7492,-0.2914,-0.5898,1.0
11.081103,0.7492,-0.2954,-0.5879,1.0
11.102786,0.7452,-0.2993,-0.582,0.99
11.120402,0.7433,-0.2954,-0.582,0.99
11.136941,0.7452,-0.2993,-0.584,0.99
11.157157,0.7433,-0.2974,-0.5917,1.0
11.188784,0.7394,-0.3012,-0.584,0.99
11.201203,0.7413,-0.3051,-0.5781,0.99
11.219687,0.7531,-0.3032,-0.584,1.0
11.256754,0.7511,-0.2954,-0.58,0.99
11.289738,0.7374,-0.2934,-0.5879,0.99
11.290119,0.7394,-0.2954,-0.5879,0.99
11.300671,0.7433,-0.2934,-0.5898,0.99
11.33972,0.7471,-0.3091,-0.5898,1.0
11.37195,0.7511,-0.3032,-0.582,1.0
11.372179,0.7511,-0.3032,-0.582,1.0
11.383755,0.7511,-0.3071,-0.5859,1.0
11.400925,0.7433,-0.2974,-0.584,0.99
11.439105,0.7394,-0.3012,-0.584,0.99
11.471861,0.7492,-0.2993,-0.58,0.99
11.472072,0.7492,-0.2993,-0.58,0.99
11.482582,0.755,-0.3071,-0.582,1.0
11.501832,0.7492,-0.2974,-0.584,1.0
11.538236,0.7531,-0.2993,-0.5879,1.0
11.568039,0.7589,-0.2954,-0.584,1.0
11.56827,0.7589,-0.2954,-0.584,1.0
11.608092,0.7471,-0.2954,-0.5781,0.99
11.608903,0.7471,-0.2954,-0.5781,0.99
11.634389,0.7511,-0.2993,-0.5723,0.99
11.662775,0.7608,-0.2817,-0.5644,0.99
11.66673,0.7629,-0.2817,-0.5605,0.99
11.69988,0.7569,-0.2954,-0.5703,0.99
11.716879,0.7471,-0.2993,-0.582,0.99
11.73205,0.7531,-0.2974,-0.5938,1.0
11.752529,0.7531,-0.2954,-0.5723,0.99
11.784604,0.755,-0.2895,-0.5742,0.99
11.798605,0.7511,-0.2895,-0.5723,0.99
11.816157,0.755,-0.2895,-0.5723,0.99
11.833174,0.7608,-0.2876,-0.5742,1.0
11.8526,0.7608,-0.2837,-0.58,1.0
11.886125,0.7667,-0.2837,-0.5663,0.99
11.897402,0.7648,-0.2876,-0.5663,0.99
11.9155,0.7648,-0.2837,-0.5723,1.0
11.931999,0.7589,-0.2817,-0.5703,0.99
11.952642,0.7629,-0.2837,-0.5742,1.0
11.987303,0.7745,-0.2934,-0.5761,1.01
11.996482,0.7687,-0.2993,-0.5703,1.0
12.015157,0.755,-0.2914,-0.5625,0.99
12.032037,0.7452,-0.2895,-0.5586,0.98
12.052461,0.7433,-0.2876,-0.5586,0.97
12.084546,0.7667,-0.2934,-0.5684,1.0
12.096053,0.7745,-0.2934,-0.5723,1.01
12.113755,0.7765,-0.2993,-0.5761,1.01
12.135368,0.7725,-0.2837,-0.5663,1.0
12.157673,0.7687,-0.2837,-0.5703,1.0
12.179705,0.7667,-0.2837,-0.5605,0.99
12.196306,0.7608,-0.2837,-0.5547,0.98
12.212727,0.7648,-0.2817,-0.5625,0.99
12.235135,0.7629,-0.2856,-0.5684,0.99
12.26055,0.7648,-0.2797,-0.5703,0.99
12.279489,0.7687,-0.2856,-0.5488,0.99
12.295611,0.7687,-0.2876,-0.5586,0.99
12.312498,0.7687,-0.2954,-0.5625,1.0
12.333393,0.7608,-0.2837,-0.5625,0.99
12.361495,0.7725,-0.2934,-0.543,0.99
12.37887,0.7706,-0.2856,-0.5409,0.98
12.395085,0.7765,-0.2837,-0.5488,0.99
12.434328,0.7883,-0.2895,-0.5507,1.0
12.455689,0.7725,-0.2837,-0.5507,0.99
12.456033,0.7725,-0.2856,-0.5527,0.99
12.478988,0.7687,-0.2856,-0.5547,0.99
12.49542,0.7706,-0.2914,-0.5547,0.99
12.531104,0.7862,-0.2876,-0.5547,1.0
12.571596,0.7823,-0.2778,-0.5761,1.01
12.571942,0.7765,-0.2837,-0.5605,1.0
12.577061,0.7667,-0.2758,-0.5644,0.99
12.611366,0.7785,-0.2797,-0.539,0.99
12.62722,0.7785,-0.2856,-0.5527,1.0
12.646508,0.7823,-0.2876,-0.5488,1.0
12.665644,0.7785,-0.2876,-0.543,0.99
12.67691,0.7823,-0.2856,-0.537,0.99
12.710694,0.7765,-0.2778,-0.539,0.99
12.726176,0.7725,-0.2837,-0.543,0.99
12.746954,0.7785,-0.2895,-0.543,0.99
12.762875,0.7785,-0.2954,-0.5468,1.0
12.795306,0.7862,-0.2934,-0.5507,1.0
12.810613,0.7823,-0.2895,-0.5605,1.01
12.826048,0.7843,-0.2934,-0.5527,1.0
12.845905,0.7804,-0.2876,-0.5488,1.0
12.871626,0.7745,-0.2856,-0.5488,0.99
12.893085,0.7725,-0.2797,-0.5488,0.99
12.908933,0.7785,-0.2856,-0.5449,0.99
12.926564,0.7765,-0.2837,-0.5488,0.99
12.942693,0.7823,-0.2895,-0.543,1.0
12.963427,0.7765,-0.2876,-0.543,0.99
12.997168,0.7687,-0.2817,-0.5409,0.98
13.007051,0.7608,-0.2797,-0.5468,0.98
13.025872,0.7745,-0.2837,-0.5527,0.99
13.06314,0.7765,-0.2914,-0.5723,1.01
13.064253,0.7804,-0.2954,-0.5781,1.02
13.094463,0.7765,-0.2934,-0.5644,1.0
13.109007,0.7725,-0.2876,-0.5547,0.99
13.124919,0.7629,-0.2837,-0.5409,0.98
13.163647,0.7706,-0.2817,-0.5488,0.99
13.19285,0.7765,-0.2876,-0.5644,1.0
13.193064,0.7765,-0.2876,-0.5644,1.0
13.206927,0.7706,-0.2856,-0.5605,0.99
13.224723,0.7725,-0.2876,-0.5605,1.0
13.245377,0.7687,-0.2856,-0.5566,0.99
13.284554,0.7706,-0.2876,-0.5566,0.99
13.288838,0.7667,-0.2914,-0.5527,0.99
13.306524,0.7667,-0.2914,-0.5566,0.99
13.345134,0.7765,-0.2895,-0.5625,1.0
13.364838,0.7745,-0.2895,-0.5663,1.0
13.372523,0.7706,-0.2876,-0.5625,1.0
13.390027,0.7648,-0.2895,-0.5684,1.0
13.406928,0.7706,-0.2876,-0.5644,1.0
13.443803,0.7706,-0.2954,-0.5663,1.0
13.459763,0.7706,-0.2954,-0.5703,1.0
13.472954,0.7706,-0.2934,-0.5644,1.0
13.490072,0.7725,-0.2914,-0.5566,1.0
13.508208,0.7725,-0.2837,-0.5566,0.99
13.543941,0.7667,-0.2856,-0.5566,0.99
13.571948,0.7667,-0.2856,-0.5703,1.0
13.572148,0.7667,-0.2856,-0.5703,1.0
13.605309,0.7667,-0.2895,-0.5625,0.99
13.622062,0.7667,-0.2934,-0.5625,1.0
13.638146,0.7706,-0.2876,-0.5586,0.99
13.664389,0.7687,-0.2934,-0.5566,0.99
13.689034,0.7687,-0.2914,-0.5566,0.99
13.704878,0.7687,-0.2914,-0.5663,1.0
13.721856,0.7687,-0.2856,-0.5703,1.0
13.737864,0.7648,-0.2895,-0.5605,0.99
13.759342,0.7706,-0.2876,-0.5605,1.0
13.773496,0.7608,-0.2954,-0.5625,0.99
13.804468,0.7725,-0.2837,-0.5605,1.0
13.821313,0.7745,-0.2876,-0.5586,1.0
13.837065,0.7745,-0.2856,-0.5644,1.0
13.862885,0.7667,-0.2837,-0.5625,0.99
13.873295,0.7687,-0.2876,-0.5586,0.99
13.904085,0.7667,-0.2895,-0.5527,0.99
13.921203,0.7629,-0.2934,-0.5566,0.99
13.937413,0.7687,-0.2914,-0.5605,0.99
13.95889,0.7785,-0.2914,-0.5625,1.0
13.984684,0.7745,-0.2876,-0.5586,1.0
14.00286,0.7745,-0.2895,-0.5547,1.0
14.020006,0.7687,-0.2914,-0.5586,0.99
14.036691,0.7725,-0.2934,-0.5507,0.99
14.058405,0.7687,-0.2914,-0.5625,1.0
14.077553,0.7706,-0.2817,-0.5566,0.99
14.10254,0.7706,-0.2856,-0.5527,0.99
14.119117,0.7706,-0.2856,-0.5566,0.99
14.140822,0.7706,-0.2856,-0.5566,0.99
14.169479,0.7687,-0.2934,-0.5547,0.99
14.184898,0.7725,-0.2895,-0.5566,1.0
14.201973,0.7785,-0.2914,-0.5663,1.01
14.218509,0.7725,-0.2934,-0.5663,1.0
14.239985,0.7648,-0.2914,-0.5586,0.99
14.264934,0.7706,-0.2934,-0.5586,1.0
14.284957,0.7687,-0.2934,-0.5566,0.99
14.300521,0.7706,-0.2876,-0.5586,0.99
14.339226,0.7687,-0.2876,-0.5625,0.99
14.376509,0.7725,-0.2837,-0.5605,1.0
14.376904,0.7725,-0.2837,-0.5605,1.0
14.383001,0.7725,-0.2876,-0.5663,1.0
14.400521,0.7706,-0.2934,-0.5644,1.0
14.442442,0.7687,-0.2895,-0.5566,0.99
14.443817,0.7687,-0.2895,-0.5566,0.99
14.465408,0.7687,-0.2856,-0.5586,0.99
14.483086,0.7667,-0.2895,-0.5625,0.99
14.500899,0.7706,-0.2914,-0.5625,1.0
14.538689,0.7687,-0.2895,-0.5566,0.99
14.569493,0.7667,-0.2954,-0.5566,0.99
14.569854,0.7706,-0.2914,-0.5566,0.99
14.581567,0.7667,-0.2876,-0.5507,0.99
14.617792,0.7687,-0.2934,-0.5586,0.99
14.632136,0.7687,-0.2895,-0.5566,0.99
14.655912,0.7667,-0.2895,-0.5586,0.99
14.682236,0.7725,-0.2895,-0.5625,1.0
14.699356,0.7725,-0.2876,-0.5644,1.0
14.716019,0.7687,-0.2895,-0.5625,1.0
14.732762,0.7629,-0.2876,-0.5684,0.99
14.754535,0.7629,-0.2934,-0.5663,0.99
14.788301,0.7785,-0.2856,-0.5625,1.0
14.788517,0.7785,-0.2856,-0.5625,1.0
14.815411,0.7745,-0.2837,-0.5507,0.99
14.832308,0.7765,-0.2837,-0.5527,0.99
14.848297,0.7765,-0.2837,-0.5507,0.99
14.868536,0.7745,-0.2876,-0.5586,1.0
14.903787,0.7687,-0.2895,-0.5547,0.99
14.912853,0.7648,-0.2876,-0.5586,0.99
14.931806,0.7706,-0.2895,-0.5605,1.0
14.948785,0.7785,-0.2974,-0.5547,1.0
14.969442,0.7785,-0.2895,-0.5625,1.0
14.98582,0.7785,-0.2895,-0.5566,1.0
15.014556,0.7687,-0.2934,-0.5586,0.99
15.03099,0.7667,-0.2914,-0.5566,0.99
15.047863,0.7785,-0.2914,-0.5547,1.0
15.068143,0.7862,-0.2837,-0.5547,1.0
15.09166,0.7706,-0.2837,-0.5527,0.99
15.113387,0.7785,-0.2797,-0.5468,0.99
15.130738,0.7745,-0.2778,-0.5488,0.99
15.167028,0.7687,-0.2817,-0.543,0.98
15.191644,0.7765,-0.2856,-0.5468,0.99
15.191894,0.7765,-0.2856,-0.5468,0.99
15.212574,0.7785,-0.2914,-0.5547,1.0
15.229797,0.7785,-0.2934,-0.5547,1.0
15.250768,0.7745,-0.2914,-0.5527,1.0
15.281442,0.7725,-0.2837,-0.5566,0.99
15.295669,0.7765,-0.2778,-0.5527,0.99
15.311279,0.7785,-0.2856,-0.5488,0.99
15.350462,0.7765,-0.2895,-0.5507,1.0
15.377014,0.7745,-0.2856,-0.5625,1.0
15.377483,0.7745,-0.2856,-0.5625,1.0
15.394745,0.7765,-0.2797,-0.5586,1.0
15.411537,0.7785,-0.2837,-0.5507,0.99
15.449881,0.7706,-0.2837,-0.5547,0.99
15.48505,0.7804,-0.2797,-0.5468,0.99
15.485261,0.7804,-0.2797,-0.5468,0.99
15.494821,0.7785,-0.2817,-0.5527,1.0
15.512239,0.7765,-0.2876,-0.5605,1.0
15.549208,0.7862,-0.2876,-0.5547,1.0
15.568411,0.7902,-0.2856,-0.5409,1.0
15.577924,0.7883,-0.2895,-0.5409,1.0
15.594473,0.7843,-0.2856,-0.5468,1.0
15.627645,0.7883,-0.2817,-0.5449,1.0
15.643517,0.7823,-0.2817,-0.537,0.99
15.665382,0.7765,-0.2778,-0.537,0.98
15.679737,0.7745,-0.2817,-0.539,0.98
15.710973,0.7765,-0.2758,-0.5488,0.99
15.727137,0.7823,-0.2719,-0.5507,0.99
15.742097,0.7843,-0.2778,-0.5507,1.0
15.763957,0.7823,-0.2837,-0.5566,1.0
15.782693,0.7804,-0.2876,-0.543,0.99
15.809679,0.7745,-0.2817,-0.539,0.98
15.827134,0.7765,-0.2837,-0.5409,0.99
15.843446,0.7745,-0.2778,-0.5507,0.99
15.862272,0.7765,-0.2837,-0.5488,0.99
15.880374,0.7883,-0.2895,-0.5527,1.01
15.909102,0.7883,-0.2856,-0.5468,1.0
15.925256,0.7785,-0.2856,-0.5488,0.99
15.942621,0.7785,-0.2876,-0.539,0.99
15.963869,0.7785,-0.2837,-0.543,0.99
15.983351,0.7804,-0.2837,-0.543,0.99
16.007781,0.7804,-0.2895,-0.543,0.99
16.025309,0.7745,-0.2895,-0.543,0.99
16.041804,0.7765,-0.2876,-0.5527,1.0
16.06349,0.7765,-0.2837,-0.5547,1.0
16.087182,0.7785,-0.2837,-0.5488,0.99
16.106721,0.7745,-0.2837,-0.5507,0.99
16.123936,0.7785,-0.2895,-0.5527,1.0
16.141404,0.7765,-0.2797,-0.5527,0.99
16.16228,0.7745,-0.2797,-0.5547,0.99
16.204699,0.7745,-0.2856,-0.5547,0.99
16.207438,0.7745,-0.2856,-0.5547,0.99
16.224762,0.7745,-0.2837,-0.5527,0.99
16.245668,0.7785,-0.2856,-0.5488,0.99
16.282185,0.7765,-0.2856,-0.5527,0.99
16.289289,0.7765,-0.2837,-0.5507,0.99
16.306026,0.7823,-0.2817,-0.5547,1.0
16.323648,0.7823,-0.2837,-0.5488,1.0
16.344567,0.7765,-0.2876,-0.5605,1.0
16.379331,0.7725,-0.2876,-0.5468,0.99
16.390033,0.7765,-0.2914,-0.5488,0.99
16.405865,0.7706,-0.2934,-0.543,0.99
16.444411,0.7725,-0.2934,-0.543,0.99
16.444969,0.7725,-0.2934,-0.543,0.99
16.472058,0.7765,-0.2876,-0.5527,1.0
16.488586,0.7785,-0.2876,-0.5507,1.0
16.5061,0.7843,-0.2876,-0.5507,1.0
16.541448,0.7785,-0.2895,-0.5566,1.0
16.561201,0.7785,-0.2876,-0.5488,0.99
16.571116,0.7706,-0.2895,-0.5507,0.99
16.588957,0.7706,-0.2856,-0.5507,0.99
16.622022,0.7745,-0.2837,-0.5547,0.99
16.637853,0.7785,-0.2837,-0.5488,0.99
16.664494,0.7765,-0.2856,-0.5468,0.99
16.679841,0.7687,-0.2856,-0.5468,0.99
16.687554,0.7687,-0.2876,-0.5527,0.99
16.721379,0.7804,-0.2895,-0.5547,1.0
16.737725,0.7843,-0.2856,-0.5605,1.01
16.754238,0.7804,-0.2876,-0.5547,1.0
16.774578,0.7745,-0.2914,-0.5586,1.0
16.790728,0.7765,-0.2895,-0.5449,0.99
16.820559,0.7706,-0.2797,-0.5468,0.99
16.83803,0.7629,-0.2797,-0.5488,0.98
16.854512,0.7667,-0.2817,-0.5625,0.99
16.873992,0.7745,-0.2914,-0.5625,1.0
16.904018,0.7804,-0.2954,-0.5684,1.01
16.919948,0.7745,-0.2954,-0.5644,1.0
16.937011,0.7706,-0.2876,-0.5507,0.99
16.953706,0.7706,-0.2856,-0.5468,0.99
16.975544,0.7725,-0.2817,-0.5468,0.99
16.996941,0.7687,-0.2856,-0.5468,0.99
17.018996,0.7785,-0.2876,-0.5625,1.0
17.036542,0.7765,-0.2856,-0.5586,1.0
17.05324,0.7745,-0.2856,-0.5586,1.0
17.074883,0.7745,-0.2758,-0.5547,0.99
17.109149,0.7765,-0.2797,-0.5566,1.0
17.117559,0.7823,-0.2856,-0.5566,1.0
17.13577,0.7785,-0.2974,-0.5566,1.0
17.157326,0.7745,-0.2993,-0.5488,1.0
17.200388,0.7648,-0.2797,-0.5566,0.99
17.200615,0.7648,-0.2797,-0.5566,0.99
17.217091,0.7706,-0.2856,-0.5684,1.0
17.256017,0.7804,-0.2837,-0.5605,1.0
17.256584,0.7804,-0.2837,-0.5605,1.0
17.293186,0.7687,-0.2837,-0.5566,0.99
17.300685,0.7725,-0.2837,-0.5586,0.99
17.316206,0.7725,-0.2856,-0.5566,0.99
17.356056,0.7785,-0.2856,-0.5488,0.99
17.382991,0.7785,-0.2876,-0.539,0.99
17.383208,0.7785,-0.2876,-0.539,0.99
17.400264,0.7745,-0.2876,-0.5507,0.99
17.416871,0.7785,-0.2797,-0.5605,1.0
17.456149,0.7765,-0.2954,-0.5566,1.0
17.481478,0.7667,-0.2934,-0.5468,0.99
17.481691,0.7667,-0.2934,-0.5468,0.99
17.499192,0.7629,-0.2895,-0.5468,0.98
17.517646,0.7687,-0.2895,-0.5527,0.99
17.553654,0.7765,-0.2837,-0.5663,1.0
17.58922,0.7785,-0.2797,-0.5507,0.99
17.589452,0.7785,-0.2797,-0.5507,0.99
17.616591,0.7765,-0.2758,-0.5507,0.99
17.633081,0.7745,-0.2739,-0.5488,0.99
17.648707,0.7785,-0.2758,-0.5566,1.0
17.670626,0.7785,-0.2797,-0.5527,0.99
17.703674,0.7745,-0.2837,-0.5488,0.99
17.703909,0.7745,-0.2837,-0.5488,0.99
17.73271,0.7765,-0.2837,-0.5468,0.99
17.749104,0.7765,-0.2817,-0.5566,1.0
17.768949,0.7804,-0.2817,-0.5547,1.0
17.793934,0.7725,-0.2856,-0.5488,0.99
17.815543,0.7745,-0.2837,-0.5586,1.0
17.832384,0.7823,-0.2895,-0.5566,1.0
17.848614,0.7823,-0.2856,-0.5507,1.0
17.870628,0.7785,-0.2797,-0.5468,0.99
17.899308,0.7725,-0.2797,-0.5566,0.99
17.914453,0.7765,-0.2837,-0.5488,0.99
17.931185,0.7862,-0.2797,-0.5488,1.0
17.950989,0.7862,-0.2817,-0.539,0.99
17.969002,0.7804,-0.2817,-0.539,0.99
17.988911,0.7765,-0.2837,-0.5468,0.99
18.013441,0.7765,-0.2817,-0.5586,1.0
18.030714,0.7745,-0.2876,-0.5605,1.0
18.069054,0.7765,-0.2797,-0.5449,0.99
18.069692,0.7765,-0.2797,-0.5449,0.99
18.095373,0.7785,-0.2817,-0.5468,0.99
18.113343,0.7785,-0.2856,-0.5547,1.0
18.129758,0.7725,-0.2817,-0.5625,1.0
18.151518,0.7745,-0.2837,-0.5605,1.0
18.173124,0.7804,-0.2856,-0.5449,0.99
18.196283,0.7745,-0.2876,-0.5449,0.99
18.212404,0.7765,-0.2797,-0.539,0.99
18.25134,0.7725,-0.2778,-0.5547,0.99
18.27081,0.7725,-0.2837,-0.5586,0.99
18.277524,0.7823,-0.2758,-0.5684,1.01
18.29602,0.7725,-0.2876,-0.5605,1.0
18.312136,0.7725,-0.2856,-0.5625,1.0
18.349939,0.7706,-0.2895,-0.5586,0.99
18.363827,0.7629,-0.2876,-0.5527,0.98
18.377635,0.7687,-0.2856,-0.5566,0.99
18.394766,0.7687,-0.2856,-0.5586,0.99
18.413495,0.7667,-0.2817,-0.5586,0.99
18.447594,0.7785,-0.2914,-0.5663,1.01
18.462455,0.7725,-0.2934,-0.5703,1.0
18.478022,0.7687,-0.2934,-0.5605,1.0
18.495086,0.7687,-0.2914,-0.5547,0.99
18.527399,0.7648,-0.2856,-0.5663,0.99
18.543519,0.7687,-0.2895,-0.5703,1.0
18.567474,0.7687,-0.2914,-0.5684,1.0
18.57954,0.7648,-0.2895,-0.5663,0.99
18.610805,0.7765,-0.2934,-0.5644,1.0
18.627416,0.7706,-0.2914,-0.5586,1.0
18.643698,0.7667,-0.2914,-0.5605,0.99
18.663403,0.7589,-0.2876,-0.5547,0.98
18.681195,0.7589,-0.2817,-0.5625,0.99
18.710135,0.7648,-0.2856,-0.5742,1.0
18.726809,0.7706,-0.2895,-0.5761,1.0
18.74369,0.7629,-0.2954,-0.5781,1.0
18.763196,0.7629,-0.2954,-0.5742,1.0
18.797346,0.7706,-0.2895,-0.5684,1.0
18.808959,0.7706,-0.2914,-0.5703,1.0
18.826042,0.7745,-0.2914,-0.5684,1.0
18.842826,0.7804,-0.2954,-0.5663,1.01
18.878254,0.7608,-0.2954,-0.5625,0.99
18.913253,0.7629,-0.2876,-0.5488,0.98
18.913458,0.7629,-0.2876,-0.5488,0.98
18.923798,0.7667,-0.2856,-0.5566,0.99
18.941919,0.7629,-0.2778,-0.5507,0.98
18.979828,0.7608,-0.2837,-0.5527,0.98
19.015117,0.7648,-0.2954,-0.5761,1.0
19.015351,0.7648,-0.2954,-0.5761,1.0
19.023433,0.7667,-0.2895,-0.584,1.01
19.057928,0.7725,-0.2876,-0.5761,1.01
19.08043,0.7629,-0.2778,-0.5684,0.99
19.117284,0.7687,-0.2797,-0.5586,0.99
19.117517,0.7687,-0.2797,-0.5586,0.99
19.123433,0.7667,-0.2837,-0.5625,0.99
19.162497,0.7706,-0.2934,-0.5586,1.0
19.194208,0.7667,-0.2954,-0.5586,0.99
19.194474,0.7667,-0.2954,-0.5586,0.99
19.205366,0.7725,-0.2856,-0.5527,0.99
19.224946,0.7687,-0.2914,-0.5507,0.99
19.261511,0.7745,-0.2954,-0.5761,1.01
19.281126,0.7843,-0.2954,-0.5703,1.01
19.289137,0.7785,-0.2934,-0.5625,1.0
19.308137,0.7648,-0.2876,-0.5468,0.98
19.339769,0.7687,-0.2876,-0.543,0.98
19.361708,0.7648,-0.2778,-0.539,0.98
19.376212,0.7687,-0.2797,-0.5527,0.99
19.401722,0.7785,-0.2817,-0.5605,1.0
19.406823,0.7785,-0.2817,-0.5625,1.0
19.438292,0.7823,-0.2914,-0.5507,1.0
19.456951,0.7902,-0.2954,-0.5547,1.01
19.482832,0.7785,-0.2934,-0.5488,1.0
19.492646,0.7785,-0.2876,-0.5507,1.0
19.521833,0.7745,-0.2719,-0.5468,0.99
19.538105,0.7785,-0.2719,-0.543,0.99
19.55406,0.7902,-0.2797,-0.5449,1.0
19.581811,0.7921,-0.2876,-0.5507,1.01
19.596705,0.7843,-0.2876,-0.543,1.0
19.622161,0.7725,-0.2876,-0.5351,0.98
19.637921,0.7725,-0.2876,-0.539,0.98
19.654147,0.7785,-0.2895,-0.5409,0.99
19.675749,0.7804,-0.2817,-0.539,0.99
19.702811,0.7902,-0.2895,-0.5312,1.0
19.719519,0.7921,-0.2837,-0.5195,0.99
19.73797,0.7862,-0.2837,-0.5293,0.99
19.753654,0.7804,-0.2739,-0.5468,0.99
19.774485,0.7862,-0.2797,-0.5507,1.0
19.802288,0.7862,-0.2934,-0.5566,1.01
19.820629,0.7745,-0.2895,-0.5449,0.99
19.837085,0.7804,-0.2758,-0.5195,0.98
19.874287,0.7902,-0.2641,-0.5351,0.99
19.896983,0.796,-0.2739,-0.5351,1.0
19.8972,0.796,-0.2739,-0.5351,1.0
19.919076,0.7941,-0.2817,-0.5409,1.0
19.936833,0.7862,-0.2817,-0.5449,1.0
19.974843,0.7765,-0.2778,-0.5253,0.98
20.000265,0.7725,-0.2778,-0.5312,0.98
20.000461,0.7725,-0.2778,-0.5312,0.98
20.018413,0.7765,-0.2856,-0.5468,0.99
20.052619,0.7902,-0.2914,-0.5507,1.01
20.074193,0.7883,-0.2974,-0.543,1.0
20.108053,0.7883,-0.2837,-0.5409,1.0
20.108258,0.7883,-0.2837,-0.5409,1.0
20.135008,0.7862,-0.2778,-0.5468,1.0
20.152049,0.7823,-0.2797,-0.5449,0.99
20.169369,0.7765,-0.2797,-0.543,0.99
20.190906,0.7765,-0.2817,-0.5409,0.99
20.205332,0.7785,-0.2876,-0.5409,0.99
20.234301,0.7883,-0.2954,-0.5507,1.01
20.250907,0.7921,-0.2895,-0.5468,1.01
20.272649,0.7883,-0.2876,-0.5507,1.0
20.293627,0.7823,-0.2837,-0.5449,0.99
20.31648,0.7843,-0.2837,-0.5488,1.0
20.333324,0.7785,-0.2837,-0.5449,0.99
20.351972,0.7765,-0.2778,-0.539,0.99
20.367926,0.7745,-0.2758,-0.5449,0.99
20.388906,0.7823,-0.2817,-0.5449,0.99
20.417693,0.7862,-0.2837,-0.5468,1.0
20.432295,0.7823,-0.2895,-0.5449,1.0
20.449906,0.7843,-0.2856,-0.5488,1.0
20.47178,0.7765,-0.2876,-0.5507,0.99
20.496501,0.7785,-0.2895,-0.5488,1.0
20.516938,0.7745,-0.2837,-0.5409,0.99
20.532687,0.7785,-0.2817,-0.5449,0.99
20.549746,0.7823,-0.2817,-0.5449,0.99
20.571885,0.7785,-0.2856,-0.5527,1.0
20.594885,0.7745,-0.2856,-0.5488,0.99
20.616377,0.7804,-0.2914,-0.5527,1.0
20.632932,0.7883,-0.2914,-0.5488,1.0
20.64836,0.7862,-0.2914,-0.5566,1.01
20.671309,0.7804,-0.2817,-0.5468,0.99
20.698088,0.7687,-0.2837,-0.5468,0.99
20.714957,0.7745,-0.2837,-0.5507,0.99
20.732382,0.7823,-0.2817,-0.5488,1.0
20.749003,0.7843,-0.2914,-0.5409,1.0
20.76761,0.7725,-0.2895,-0.537,0.98
20.791243,0.7687,-0.2934,-0.543,0.99
20.815155,0.7765,-0.2914,-0.5566,1.0
20.831607,0.7785,-0.2895,-0.5605,1.0
20.84861,0.7843,-0.2876,-0.5507,1.0
20.884672,0.7785,-0.2817,-0.5488,0.99
20.917261,0.7785,-0.2895,-0.5527,1.0
20.917488,0.7785,-0.2895,-0.5527,1.0
20.929619,0.7745,-0.2914,-0.5488,0.99
20.964274,0.7745,-0.2914,-0.5507,0.99
20.985105,0.7745,-0.2837,-0.5507,0.99
21.014746,0.7804,-0.2895,-0.5507,1.0
21.01495,0.7804,-0.2895,-0.5507,1.0
21.03204,0.7706,-0.2817,-0.5586,0.99
21.064031,0.7648,-0.2914,-0.5625,0.99
21.084943,0.7648,-0.2895,-0.5566,0.99
21.117591,0.7843,-0.2856,-0.5507,1.0
21.117833,0.7843,-0.2856,-0.5507,1.0
21.145688,0.7843,-0.2914,-0.5566,1.0
21.162866,0.7765,-0.2876,-0.5586,1.0
21.184222,0.7785,-0.2914,-0.5586,1.0
21.21507,0.7706,-0.2934,-0.5449,0.99
21.215277,0.7706,-0.2934,-0.5449,0.99
